"Energy.Source","Continent","Year","count"
"Coal","Africa",2000,1100.76490723694
"Coal","Africa",2001,1097.11342154036
"Coal","Africa",2002,1127.8360424162
"Coal","Africa",2003,1186.238688176
"Coal","Africa",2004,1194.12254993505
"Coal","Africa",2005,1224.12339615571
"Coal","Africa",2006,1247.9743792136
"Coal","Africa",2007,1285.28590512488
"Coal","Africa",2008,1275.30845690456
"Coal","Africa",2009,1267.8669675661
"Coal","Africa",2010,1291.84459866222
"Coal","Africa",2011,1219.89733727011
"Coal","Africa",2012,1267.76103760314
"Coal","Africa",2013,1261.73331768273
"Coal","Africa",2014,1274.15580856133
"Coal","Africa",2015,1269.43901266934
"Coal","Africa",2016,1280.11417642972
"Coal","Africa",2017,1288.66020649034
"Coal","Africa",2018,1249.62079902139
"Coal","Africa",2019,1366.9614486188
"Coal","Africa",2020,1344.92734958787
"Coal","Africa",2021,1292.71547643399
"Coal","Asia & Oceania",2000,13744.3422581761
"Coal","Asia & Oceania",2001,14263.3796639082
"Coal","Asia & Oceania",2002,15038.8012790596
"Coal","Asia & Oceania",2003,17047.2603248254
"Coal","Asia & Oceania",2004,19879.0002072752
"Coal","Asia & Oceania",2005,22179.7143612145
"Coal","Asia & Oceania",2006,24184.056592897
"Coal","Asia & Oceania",2007,25930.5760763486
"Coal","Asia & Oceania",2008,26918.9549708434
"Coal","Asia & Oceania",2009,28840.2015071993
"Coal","Asia & Oceania",2010,31750.2949700851
"Coal","Asia & Oceania",2011,34373.6836037024
"Coal","Asia & Oceania",2012,36250.8446669206
"Coal","Asia & Oceania",2013,36929.0719631043
"Coal","Asia & Oceania",2014,36963.6405359793
"Coal","Asia & Oceania",2015,36308.3477891721
"Coal","Asia & Oceania",2016,35744.6354160721
"Coal","Asia & Oceania",2017,36118.3746234982
"Coal","Asia & Oceania",2018,36906.9087856844
"Coal","Asia & Oceania",2019,37453.5295120692
"Coal","Asia & Oceania",2020,37187.6464815858
"Coal","Asia & Oceania",2021,38902.67679498
"Coal","Central & South America",2000,226.235568439334
"Coal","Central & South America",2001,218.199390537294
"Coal","Central & South America",2002,208.217417621569
"Coal","Central & South America",2003,218.738845104323
"Coal","Central & South America",2004,233.99468057803
"Coal","Central & South America",2005,237.276932041778
"Coal","Central & South America",2006,245.261746185603
"Coal","Central & South America",2007,259.478856215937
"Coal","Central & South America",2008,258.558788658061
"Coal","Central & South America",2009,237.010563030691
"Coal","Central & South America",2010,281.846830899889
"Coal","Central & South America",2011,306.444275720832
"Coal","Central & South America",2012,318.283881298569
"Coal","Central & South America",2013,349.848488088617
"Coal","Central & South America",2014,378.305453631813
"Coal","Central & South America",2015,382.831972819058
"Coal","Central & South America",2016,377.979183144534
"Coal","Central & South America",2017,386.539478440954
"Coal","Central & South America",2018,375.41768751238
"Coal","Central & South America",2019,379.30647238041
"Coal","Central & South America",2020,341.827188263347
"Coal","Central & South America",2021,372.164103217371
"Coal","Eurasia",2000,2424.95885334784
"Coal","Eurasia",2001,2416.21550203244
"Coal","Eurasia",2002,2389.87214416132
"Coal","Eurasia",2003,2501.32850869608
"Coal","Eurasia",2004,2440.76309164935
"Coal","Eurasia",2005,2415.8317374429
"Coal","Eurasia",2006,2508.10513078259
"Coal","Eurasia",2007,2502.88478012658
"Coal","Eurasia",2008,2708.83379575316
"Coal","Eurasia",2009,2373.438657004
"Coal","Eurasia",2010,2419.97899800877
"Coal","Eurasia",2011,2585.80627935441
"Coal","Eurasia",2012,2680.20766664034
"Coal","Eurasia",2013,2507.07698343871
"Coal","Eurasia",2014,2339.18976072161
"Coal","Eurasia",2015,2365.57019120767
"Coal","Eurasia",2016,2311.3910076649
"Coal","Eurasia",2017,2262.01810077546
"Coal","Eurasia",2018,2407.32466473745
"Coal","Eurasia",2019,2418.59170756461
"Coal","Eurasia",2020,2269.0687247047
"Coal","Eurasia",2021,2370.67944622952
"Coal","Europe",2000,4282.49476467742
"Coal","Europe",2001,4249.71155447923
"Coal","Europe",2002,4217.47019810394
"Coal","Europe",2003,4376.48084184537
"Coal","Europe",2004,4349.0130272538
"Coal","Europe",2005,4264.05127751558
"Coal","Europe",2006,4323.9112735969
"Coal","Europe",2007,4410.28638362592
"Coal","Europe",2008,4123.30524071127
"Coal","Europe",2009,3738.86015121887
"Coal","Europe",2010,3843.58388510459
"Coal","Europe",2011,3929.64545670996
"Coal","Europe",2012,4092.63744845604
"Coal","Europe",2013,3974.16949093737
"Coal","Europe",2014,3792.97210772712
"Coal","Europe",2015,3732.1681250432
"Coal","Europe",2016,3516.6398533244
"Coal","Europe",2017,3535.8133841132
"Coal","Europe",2018,3376.46407880028
"Coal","Europe",2019,2847.52450394928
"Coal","Europe",2020,2421.13791309134
"Coal","Europe",2021,2577.50731086872
"Coal","Middle East",2000,90.2476284545549
"Coal","Middle East",2001,99.8665460931915
"Coal","Middle East",2002,105.459247391677
"Coal","Middle East",2003,108.594589718901
"Coal","Middle East",2004,109.488651173112
"Coal","Middle East",2005,109.876793072596
"Coal","Middle East",2006,108.977313319889
"Coal","Middle East",2007,115.319361900857
"Coal","Middle East",2008,111.142106152656
"Coal","Middle East",2009,108.137334327259
"Coal","Middle East",2010,110.325778583938
"Coal","Middle East",2011,119.570339801492
"Coal","Middle East",2012,134.990801204475
"Coal","Middle East",2013,123.485136956987
"Coal","Middle East",2014,119.341257845466
"Coal","Middle East",2015,113.303030446903
"Coal","Middle East",2016,105.678434681225
"Coal","Middle East",2017,92.0194504553226
"Coal","Middle East",2018,90.2585087191424
"Coal","Middle East",2019,76.5010927543807
"Coal","Middle East",2020,75.6904065112671
"Coal","Middle East",2021,79.2724431199736
"Coal","North America",2000,7055.60856779999
"Coal","North America",2001,6893.86828691293
"Coal","North America",2002,6879.4717798856
"Coal","North America",2003,7000.65820546375
"Coal","North America",2004,7032.04961690504
"Coal","North America",2005,7176.92536869461
"Coal","North America",2006,7083.9937429396
"Coal","North America",2007,7146.76743577821
"Coal","North America",2008,6995.00890334372
"Coal","North America",2009,6159.4550117679
"Coal","North America",2010,6526.11295854975
"Coal","North America",2011,6173.48417380714
"Coal","North America",2012,5477.19667280265
"Coal","North America",2013,5661.14238853327
"Coal","North America",2014,5646.12056507814
"Coal","North America",2015,4930.72641269602
"Coal","North America",2016,4502.73052487761
"Coal","North America",2017,4412.2517125611
"Coal","North America",2018,4187.34221652643
"Coal","North America",2019,3577.34859415496
"Coal","North America",2020,2886.78394087689
"Coal","North America",2021,3265.93510333441
"Natural Gas","Africa",2000,645.366804162179
"Natural Gas","Africa",2001,721.432909360166
"Natural Gas","Africa",2002,745.703411095656
"Natural Gas","Africa",2003,810.229483012117
"Natural Gas","Africa",2004,835.335518437791
"Natural Gas","Africa",2005,967.415993495697
"Natural Gas","Africa",2006,1019.80499061642
"Natural Gas","Africa",2007,1031.74696036104
"Natural Gas","Africa",2008,1106.07542150994
"Natural Gas","Africa",2009,1043.3826450159
"Natural Gas","Africa",2010,1098.76386641595
"Natural Gas","Africa",2011,1310.18070691759
"Natural Gas","Africa",2012,1395.91705060682
"Natural Gas","Africa",2013,1391.91545311828
"Natural Gas","Africa",2014,1434.2110015466
"Natural Gas","Africa",2015,1443.31338166456
"Natural Gas","Africa",2016,1480.66000694305
"Natural Gas","Africa",2017,1581.04326639958
"Natural Gas","Africa",2018,1670.5570533188
"Natural Gas","Africa",2019,1682.62020444641
"Natural Gas","Africa",2020,1639.61257852879
"Natural Gas","Africa",2021,1748.51174092301
"Natural Gas","Asia & Oceania",2000,3149.45496030869
"Natural Gas","Asia & Oceania",2001,3161.43275213386
"Natural Gas","Asia & Oceania",2002,3487.83086220566
"Natural Gas","Asia & Oceania",2003,3681.35749363152
"Natural Gas","Asia & Oceania",2004,3852.92791289505
"Natural Gas","Asia & Oceania",2005,4210.22716162638
"Natural Gas","Asia & Oceania",2006,4706.29507827991
"Natural Gas","Asia & Oceania",2007,5169.02152561278
"Natural Gas","Asia & Oceania",2008,5361.83615369632
"Natural Gas","Asia & Oceania",2009,5644.7688810142
"Natural Gas","Asia & Oceania",2010,6334.74578606264
"Natural Gas","Asia & Oceania",2011,6773.74051738018
"Natural Gas","Asia & Oceania",2012,7110.97973744745
"Natural Gas","Asia & Oceania",2013,7328.21778297432
"Natural Gas","Asia & Oceania",2014,7552.15483070687
"Natural Gas","Asia & Oceania",2015,7577.84288540831
"Natural Gas","Asia & Oceania",2016,7952.31157030658
"Natural Gas","Asia & Oceania",2017,8425.7755955797
"Natural Gas","Asia & Oceania",2018,9051.93940036091
"Natural Gas","Asia & Oceania",2019,9276.59288560153
"Natural Gas","Asia & Oceania",2020,9260.94187688702
"Natural Gas","Asia & Oceania",2021,9826.72522472341
"Natural Gas","Central & South America",2000,1045.9015404191
"Natural Gas","Central & South America",2001,1123.7658202781
"Natural Gas","Central & South America",2002,1114.48575994434
"Natural Gas","Central & South America",2003,1172.23644506898
"Natural Gas","Central & South America",2004,1277.43792675686
"Natural Gas","Central & South America",2005,1310.08115095799
"Natural Gas","Central & South America",2006,1420.75703667406
"Natural Gas","Central & South America",2007,1373.67804124497
"Natural Gas","Central & South America",2008,1442.24256668537
"Natural Gas","Central & South America",2009,1355.41976183013
"Natural Gas","Central & South America",2010,1510.13328415376
"Natural Gas","Central & South America",2011,1563.38357620743
"Natural Gas","Central & South America",2012,1669.09655810992
"Natural Gas","Central & South America",2013,1759.96048167767
"Natural Gas","Central & South America",2014,1792.82875429728
"Natural Gas","Central & South America",2015,1828.39434869491
"Natural Gas","Central & South America",2016,1740.80909094513
"Natural Gas","Central & South America",2017,1731.3631429905
"Natural Gas","Central & South America",2018,1720.81058083567
"Natural Gas","Central & South America",2019,1719.97520335238
"Natural Gas","Central & South America",2020,1561.25173628915
"Natural Gas","Central & South America",2021,1688.10521530385
"Natural Gas","Eurasia",2000,5753.55022677473
"Natural Gas","Eurasia",2001,5706.24720340074
"Natural Gas","Eurasia",2002,5995.44756743363
"Natural Gas","Eurasia",2003,6259.20748286613
"Natural Gas","Eurasia",2004,6377.80343511403
"Natural Gas","Eurasia",2005,6327.30017174844
"Natural Gas","Eurasia",2006,6589.7772422946
"Natural Gas","Eurasia",2007,6705.53308149087
"Natural Gas","Eurasia",2008,6807.23134159482
"Natural Gas","Eurasia",2009,5703.56439831352
"Natural Gas","Eurasia",2010,6715.06255295057
"Natural Gas","Eurasia",2011,7091.8829106923
"Natural Gas","Eurasia",2012,6946.45518000086
"Natural Gas","Eurasia",2013,6778.1092945647
"Natural Gas","Eurasia",2014,6721.14855885136
"Natural Gas","Eurasia",2015,6481.07735007797
"Natural Gas","Eurasia",2016,6393.05805666673
"Natural Gas","Eurasia",2017,6511.89108878099
"Natural Gas","Eurasia",2018,6778.93707769658
"Natural Gas","Eurasia",2019,6639.7508074887
"Natural Gas","Eurasia",2020,6449.58106695347
"Natural Gas","Eurasia",2021,7107.17040016886
"Natural Gas","Europe",2000,5243.10187511299
"Natural Gas","Europe",2001,5412.23834270095
"Natural Gas","Europe",2002,5498.67213201175
"Natural Gas","Europe",2003,5696.80138498353
"Natural Gas","Europe",2004,5939.53456383349
"Natural Gas","Europe",2005,6085.43761628454
"Natural Gas","Europe",2006,6088.91939121843
"Natural Gas","Europe",2007,6046.42825768854
"Natural Gas","Europe",2008,6193.69633831685
"Natural Gas","Europe",2009,5823.19358210275
"Natural Gas","Europe",2010,6298.46466941799
"Natural Gas","Europe",2011,5843.83676803765
"Natural Gas","Europe",2012,5671.74197013616
"Natural Gas","Europe",2013,5596.82454128879
"Natural Gas","Europe",2014,5090.84774010571
"Natural Gas","Europe",2015,5256.84014386358
"Natural Gas","Europe",2016,5557.93976604511
"Natural Gas","Europe",2017,5837.48024637487
"Natural Gas","Europe",2018,5722.13892577016
"Natural Gas","Europe",2019,5797.99690711262
"Natural Gas","Europe",2020,5586.62523765962
"Natural Gas","Europe",2021,5914.20696343244
"Natural Gas","Middle East",2000,2093.837042922
"Natural Gas","Middle East",2001,2155.86446478685
"Natural Gas","Middle East",2002,2358.40726858739
"Natural Gas","Middle East",2003,2459.79976263051
"Natural Gas","Middle East",2004,2646.58622884241
"Natural Gas","Middle East",2005,3025.48848308399
"Natural Gas","Middle East",2006,3159.34997378307
"Natural Gas","Middle East",2007,3290.14246759054
"Natural Gas","Middle East",2008,3593.15433620427
"Natural Gas","Middle East",2009,3852.33627062972
"Natural Gas","Middle East",2010,4110.72099099745
"Natural Gas","Middle East",2011,4362.91103118366
"Natural Gas","Middle East",2012,4560.79567968861
"Natural Gas","Middle East",2013,4727.12103654098
"Natural Gas","Middle East",2014,4938.84848229346
"Natural Gas","Middle East",2015,5217.01752498099
"Natural Gas","Middle East",2016,5415.38486129457
"Natural Gas","Middle East",2017,5673.06537518352
"Natural Gas","Middle East",2018,5814.67655758196
"Natural Gas","Middle East",2019,6033.15411626075
"Natural Gas","Middle East",2020,6076.86298248455
"Natural Gas","Middle East",2021,6253.953529557
"Natural Gas","North America",2000,8329.3797070613
"Natural Gas","North America",2001,8075.2996431452
"Natural Gas","North America",2002,8365.78006700976
"Natural Gas","North America",2003,8285.89457102217
"Natural Gas","North America",2004,8317.34905400183
"Natural Gas","North America",2005,8145.16814155367
"Natural Gas","North America",2006,8172.10708642712
"Natural Gas","North America",2007,8539.4863579707
"Natural Gas","North America",2008,8575.50925846127
"Natural Gas","North America",2009,8565.843883778
"Natural Gas","North America",2010,8931.79653678729
"Natural Gas","North America",2011,9099.60768410825
"Natural Gas","North America",2012,9514.13414872588
"Natural Gas","North America",2013,9829.74777160409
"Natural Gas","North America",2014,10025.5932944055
"Natural Gas","North America",2015,10309.907102284
"Natural Gas","North America",2016,10350.1457200603
"Natural Gas","North America",2017,10334.356688632
"Natural Gas","North America",2018,11375.6683754407
"Natural Gas","North America",2019,11678.8035402385
"Natural Gas","North America",2020,11419.8034151076
"Natural Gas","North America",2021,11524.5807100814
"Nuclear & Renewables","Africa",2000,269.704459430163
"Nuclear & Renewables","Africa",2001,287.100406440365
"Nuclear & Renewables","Africa",2002,294.654314629007
"Nuclear & Renewables","Africa",2003,292.149539098334
"Nuclear & Renewables","Africa",2004,307.831994634944
"Nuclear & Renewables","Africa",2005,306.516705898628
"Nuclear & Renewables","Africa",2006,310.403929459679
"Nuclear & Renewables","Africa",2007,327.002908884959
"Nuclear & Renewables","Africa",2008,331.984950534432
"Nuclear & Renewables","Africa",2009,337.226778319864
"Nuclear & Renewables","Africa",2010,377.73791529217
"Nuclear & Renewables","Africa",2011,381.650509432206
"Nuclear & Renewables","Africa",2012,378.242007548587
"Nuclear & Renewables","Africa",2013,401.74867104244
"Nuclear & Renewables","Africa",2014,431.441636987344
"Nuclear & Renewables","Africa",2015,418.196734677058
"Nuclear & Renewables","Africa",2016,442.281426111365
"Nuclear & Renewables","Africa",2017,467.292553978158
"Nuclear & Renewables","Africa",2018,485.245096639271
"Nuclear & Renewables","Africa",2019,504.520683577219
"Nuclear & Renewables","Africa",2020,501.282203375412
"Nuclear & Renewables","Africa",2021,530.429025757116
"Nuclear & Renewables","Asia & Oceania",2000,3009.10539682909
"Nuclear & Renewables","Asia & Oceania",2001,3220.54667975355
"Nuclear & Renewables","Asia & Oceania",2002,3219.69302225347
"Nuclear & Renewables","Asia & Oceania",2003,3192.2891795733
"Nuclear & Renewables","Asia & Oceania",2004,3567.65146844179
"Nuclear & Renewables","Asia & Oceania",2005,3841.64756757067
"Nuclear & Renewables","Asia & Oceania",2006,4090.82216843652
"Nuclear & Renewables","Asia & Oceania",2007,4134.52348661413
"Nuclear & Renewables","Asia & Oceania",2008,4482.06864510952
"Nuclear & Renewables","Asia & Oceania",2009,4782.22971998843
"Nuclear & Renewables","Asia & Oceania",2010,5307.27916575098
"Nuclear & Renewables","Asia & Oceania",2011,5194.29650685626
"Nuclear & Renewables","Asia & Oceania",2012,5355.65345836437
"Nuclear & Renewables","Asia & Oceania",2013,5839.7245054364
"Nuclear & Renewables","Asia & Oceania",2014,6498.1301694443
"Nuclear & Renewables","Asia & Oceania",2015,6833.76038462576
"Nuclear & Renewables","Asia & Oceania",2016,7499.60872344472
"Nuclear & Renewables","Asia & Oceania",2017,8165.57172838305
"Nuclear & Renewables","Asia & Oceania",2018,8914.01717687287
"Nuclear & Renewables","Asia & Oceania",2019,9611.77222906605
"Nuclear & Renewables","Asia & Oceania",2020,10143.7153500986
"Nuclear & Renewables","Asia & Oceania",2021,10969.6296730738
"Nuclear & Renewables","Central & South America",2000,1723.95848770709
"Nuclear & Renewables","Central & South America",2001,1679.18878381663
"Nuclear & Renewables","Central & South America",2002,1730.80254340222
"Nuclear & Renewables","Central & South America",2003,1804.86714707144
"Nuclear & Renewables","Central & South America",2004,1847.41699006944
"Nuclear & Renewables","Central & South America",2005,1929.74918779081
"Nuclear & Renewables","Central & South America",2006,2018.06537453534
"Nuclear & Renewables","Central & South America",2007,2082.42448736299
"Nuclear & Renewables","Central & South America",2008,2099.13034337087
"Nuclear & Renewables","Central & South America",2009,2131.7826589306
"Nuclear & Renewables","Central & South America",2010,2178.72163905551
"Nuclear & Renewables","Central & South America",2011,2309.78847847812
"Nuclear & Renewables","Central & South America",2012,2241.20899879178
"Nuclear & Renewables","Central & South America",2013,2233.74590747561
"Nuclear & Renewables","Central & South America",2014,2152.58811217908
"Nuclear & Renewables","Central & South America",2015,2167.83716157095
"Nuclear & Renewables","Central & South America",2016,2247.68364686442
"Nuclear & Renewables","Central & South America",2017,2304.40830208387
"Nuclear & Renewables","Central & South America",2018,2367.90336950629
"Nuclear & Renewables","Central & South America",2019,2317.4493664104
"Nuclear & Renewables","Central & South America",2020,2332.79173257122
"Nuclear & Renewables","Central & South America",2021,2325.28580569
"Nuclear & Renewables","Eurasia",2000,1290.25233780757
"Nuclear & Renewables","Eurasia",2001,1332.90738688291
"Nuclear & Renewables","Eurasia",2002,1326.97209191609
"Nuclear & Renewables","Eurasia",2003,1334.17235560442
"Nuclear & Renewables","Eurasia",2004,1388.25704980076
"Nuclear & Renewables","Eurasia",2005,1406.77328307105
"Nuclear & Renewables","Eurasia",2006,1425.65161125373
"Nuclear & Renewables","Eurasia",2007,1446.3528428507
"Nuclear & Renewables","Eurasia",2008,1395.57834599198
"Nuclear & Renewables","Eurasia",2009,1408.48100192318
"Nuclear & Renewables","Eurasia",2010,1439.02113970473
"Nuclear & Renewables","Eurasia",2011,1426.84195293649
"Nuclear & Renewables","Eurasia",2012,1427.68660348245
"Nuclear & Renewables","Eurasia",2013,1446.5381185902
"Nuclear & Renewables","Eurasia",2014,1473.31181004864
"Nuclear & Renewables","Eurasia",2015,1487.87072975281
"Nuclear & Renewables","Eurasia",2016,1513.80236786137
"Nuclear & Renewables","Eurasia",2017,1558.03341381067
"Nuclear & Renewables","Eurasia",2018,1532.72258469638
"Nuclear & Renewables","Eurasia",2019,1559.66502913184
"Nuclear & Renewables","Eurasia",2020,1668.99782978311
"Nuclear & Renewables","Eurasia",2021,1749.69462717005
"Nuclear & Renewables","Europe",2000,4896.81863534819
"Nuclear & Renewables","Europe",2001,5056.64110262444
"Nuclear & Renewables","Europe",2002,4961.31966668372
"Nuclear & Renewables","Europe",2003,4894.11251938567
"Nuclear & Renewables","Europe",2004,5055.27352062561
"Nuclear & Renewables","Europe",2005,5061.95850055144
"Nuclear & Renewables","Europe",2006,5071.27309198755
"Nuclear & Renewables","Europe",2007,5015.36999477674
"Nuclear & Renewables","Europe",2008,5186.71951199171
"Nuclear & Renewables","Europe",2009,5081.99889814093
"Nuclear & Renewables","Europe",2010,5440.94207586877
"Nuclear & Renewables","Europe",2011,5366.87711201517
"Nuclear & Renewables","Europe",2012,5550.93764362449
"Nuclear & Renewables","Europe",2013,5816.80943057587
"Nuclear & Renewables","Europe",2014,5891.06587770794
"Nuclear & Renewables","Europe",2015,5957.27353415426
"Nuclear & Renewables","Europe",2016,5941.75026809854
"Nuclear & Renewables","Europe",2017,5927.97291948905
"Nuclear & Renewables","Europe",2018,6155.16103394794
"Nuclear & Renewables","Europe",2019,6205.54921503321
"Nuclear & Renewables","Europe",2020,6198.61853719227
"Nuclear & Renewables","Europe",2021,6295.98009498517
"Nuclear & Renewables","Middle East",2000,28.0610780676093
"Nuclear & Renewables","Middle East",2001,32.6687035094952
"Nuclear & Renewables","Middle East",2002,39.188251246935
"Nuclear & Renewables","Middle East",2003,51.9726195791831
"Nuclear & Renewables","Middle East",2004,55.1571500806179
"Nuclear & Renewables","Middle East",2005,88.6186651337666
"Nuclear & Renewables","Middle East",2006,93.8654792308947
"Nuclear & Renewables","Middle East",2007,89.4095561825018
"Nuclear & Renewables","Middle East",2008,41.4497329247295
"Nuclear & Renewables","Middle East",2009,47.1847838386939
"Nuclear & Renewables","Middle East",2010,62.7160442878844
"Nuclear & Renewables","Middle East",2011,70.1132702189024
"Nuclear & Renewables","Middle East",2012,77.28824157824
"Nuclear & Renewables","Middle East",2013,93.2152881004163
"Nuclear & Renewables","Middle East",2014,81.9218167076043
"Nuclear & Renewables","Middle East",2015,77.1730491031717
"Nuclear & Renewables","Middle East",2016,95.0210615089057
"Nuclear & Renewables","Middle East",2017,90.5525029931074
"Nuclear & Renewables","Middle East",2018,109.378619387043
"Nuclear & Renewables","Middle East",2019,141.745580701903
"Nuclear & Renewables","Middle East",2020,139.108928744581
"Nuclear & Renewables","Middle East",2021,138.6537090248
"Nuclear & Renewables","North America",2000,5525.42994868791
"Nuclear & Renewables","North America",2001,5252.8496074645
"Nuclear & Renewables","North America",2002,5474.25524770937
"Nuclear & Renewables","North America",2003,5443.45128996125
"Nuclear & Renewables","North America",2004,5613.09064059427
"Nuclear & Renewables","North America",2005,5707.02226069715
"Nuclear & Renewables","North America",2006,5835.95368502713
"Nuclear & Renewables","North America",2007,5876.91781379272
"Nuclear & Renewables","North America",2008,6113.08711790136
"Nuclear & Renewables","North America",2009,6142.96567229263
"Nuclear & Renewables","North America",2010,6349.7779405671
"Nuclear & Renewables","North America",2011,6658.27803268366
"Nuclear & Renewables","North America",2012,6471.13086218173
"Nuclear & Renewables","North America",2013,6780.62022957068
"Nuclear & Renewables","North America",2014,6924.97036273847
"Nuclear & Renewables","North America",2015,6872.51579887203
"Nuclear & Renewables","North America",2016,7105.28357296546
"Nuclear & Renewables","North America",2017,7355.13034236357
"Nuclear & Renewables","North America",2018,7421.32475815067
"Nuclear & Renewables","North America",2019,7410.1137042126
"Nuclear & Renewables","North America",2020,7373.60196904015
"Nuclear & Renewables","North America",2021,7553.25665671144
"Petroleum","Africa",2000,1523.57022628453
"Petroleum","Africa",2001,1564.77897182594
"Petroleum","Africa",2002,1616.40576780019
"Petroleum","Africa",2003,1649.21715795693
"Petroleum","Africa",2004,1727.98472397608
"Petroleum","Africa",2005,1792.48254325236
"Petroleum","Africa",2006,1793.57803980038
"Petroleum","Africa",2007,1883.182058036
"Petroleum","Africa",2008,2014.60722992423
"Petroleum","Africa",2009,2078.58244422885
"Petroleum","Africa",2010,2186.26130340255
"Petroleum","Africa",2011,2172.13604305655
"Petroleum","Africa",2012,2250.88184092668
"Petroleum","Africa",2013,2408.62203598593
"Petroleum","Africa",2014,2504.73541568677
"Petroleum","Africa",2015,2503.35664100956
"Petroleum","Africa",2016,2471.21630923176
"Petroleum","Africa",2017,2516.87174901263
"Petroleum","Africa",2018,2545.59641830062
"Petroleum","Africa",2019,2565.71988689341
"Petroleum","Africa",2020,2332.4839361138
"Petroleum","Africa",2021,2363.09087798723
"Petroleum","Asia & Oceania",2000,12762.0823095927
"Petroleum","Asia & Oceania",2001,12812.521813582
"Petroleum","Asia & Oceania",2002,13134.3401385011
"Petroleum","Asia & Oceania",2003,13716.3680331943
"Petroleum","Asia & Oceania",2004,14626.7260496926
"Petroleum","Asia & Oceania",2005,14747.73523642
"Petroleum","Asia & Oceania",2006,15137.9120337643
"Petroleum","Asia & Oceania",2007,15644.345583033
"Petroleum","Asia & Oceania",2008,15542.1579639429
"Petroleum","Asia & Oceania",2009,15711.0696899579
"Petroleum","Asia & Oceania",2010,16542.585438079
"Petroleum","Asia & Oceania",2011,16981.4345693295
"Petroleum","Asia & Oceania",2012,17702.6034928448
"Petroleum","Asia & Oceania",2013,18059.145154248
"Petroleum","Asia & Oceania",2014,18415.1087751087
"Petroleum","Asia & Oceania",2015,18975.1054038892
"Petroleum","Asia & Oceania",2016,19706.2164640742
"Petroleum","Asia & Oceania",2017,20252.3746717449
"Petroleum","Asia & Oceania",2018,20607.6571478917
"Petroleum","Asia & Oceania",2019,20489.4222659796
"Petroleum","Asia & Oceania",2020,19701.9212201871
"Petroleum","Asia & Oceania",2021,20680.5920814573
"Petroleum","Central & South America",2000,3115.03712875905
"Petroleum","Central & South America",2001,3150.81107472845
"Petroleum","Central & South America",2002,3115.47624627339
"Petroleum","Central & South America",2003,3096.65648688468
"Petroleum","Central & South America",2004,3262.22325527803
"Petroleum","Central & South America",2005,3333.97151113575
"Petroleum","Central & South America",2006,3450.05911355785
"Petroleum","Central & South America",2007,3596.71575584724
"Petroleum","Central & South America",2008,3768.26392192907
"Petroleum","Central & South America",2009,3716.56586894064
"Petroleum","Central & South America",2010,3887.6552061321
"Petroleum","Central & South America",2011,3946.44890111531
"Petroleum","Central & South America",2012,4133.16245621974
"Petroleum","Central & South America",2013,4145.06914430692
"Petroleum","Central & South America",2014,4232.95918779471
"Petroleum","Central & South America",2015,4177.36544823106
"Petroleum","Central & South America",2016,4120.53146488925
"Petroleum","Central & South America",2017,4031.58616820461
"Petroleum","Central & South America",2018,3952.98352794699
"Petroleum","Central & South America",2019,3918.90754009674
"Petroleum","Central & South America",2020,3331.7505225057
"Petroleum","Central & South America",2021,3503.84060665162
"Petroleum","Eurasia",2000,2167.98996591178
"Petroleum","Eurasia",2001,2160.45841347971
"Petroleum","Eurasia",2002,2166.80488719984
"Petroleum","Eurasia",2003,2193.63118960986
"Petroleum","Eurasia",2004,2193.98251122863
"Petroleum","Eurasia",2005,2202.79582564931
"Petroleum","Eurasia",2006,2278.31041148091
"Petroleum","Eurasia",2007,2277.09189042575
"Petroleum","Eurasia",2008,2366.02097910627
"Petroleum","Eurasia",2009,2260.48519326612
"Petroleum","Eurasia",2010,2373.50173586914
"Petroleum","Eurasia",2011,2509.34596773666
"Petroleum","Eurasia",2012,2515.15852188917
"Petroleum","Eurasia",2013,2586.62310426478
"Petroleum","Eurasia",2014,2731.13459270888
"Petroleum","Eurasia",2015,2681.83868526875
"Petroleum","Eurasia",2016,2741.92036267468
"Petroleum","Eurasia",2017,2686.83950955195
"Petroleum","Eurasia",2018,2695.20396213729
"Petroleum","Eurasia",2019,2799.49483645587
"Petroleum","Eurasia",2020,3030.50919282747
"Petroleum","Eurasia",2021,2760.45242178436
"Petroleum","Europe",2000,9760.76449679774
"Petroleum","Europe",2001,9882.26191829051
"Petroleum","Europe",2002,9879.19124239457
"Petroleum","Europe",2003,9970.49213233478
"Petroleum","Europe",2004,10049.7679677527
"Petroleum","Europe",2005,10080.4765147389
"Petroleum","Europe",2006,10126.0474407274
"Petroleum","Europe",2007,9966.03197968427
"Petroleum","Europe",2008,9910.19523728735
"Petroleum","Europe",2009,9402.0717052434
"Petroleum","Europe",2010,9374.23525972638
"Petroleum","Europe",2011,9106.36726381723
"Petroleum","Europe",2012,8843.45891980472
"Petroleum","Europe",2013,8671.5186436407
"Petroleum","Europe",2014,8603.13246603207
"Petroleum","Europe",2015,8796.43135044077
"Petroleum","Europe",2016,8940.88872242704
"Petroleum","Europe",2017,9154.66874555345
"Petroleum","Europe",2018,9073.60706526874
"Petroleum","Europe",2019,9060.26886641141
"Petroleum","Europe",2020,7908.95655988735
"Petroleum","Europe",2021,8337.14942694656
"Petroleum","Middle East",2000,2992.3522368011
"Petroleum","Middle East",2001,3127.51311742239
"Petroleum","Middle East",2002,3203.9375967021
"Petroleum","Middle East",2003,3235.47402089595
"Petroleum","Middle East",2004,3463.45417758686
"Petroleum","Middle East",2005,3661.26181667807
"Petroleum","Middle East",2006,3827.0683266095
"Petroleum","Middle East",2007,4104.79791563014
"Petroleum","Middle East",2008,4347.24906043773
"Petroleum","Middle East",2009,4416.40404823921
"Petroleum","Middle East",2010,4785.12261778283
"Petroleum","Middle East",2011,4946.66187416869
"Petroleum","Middle East",2012,5044.03433391344
"Petroleum","Middle East",2013,5125.92911393285
"Petroleum","Middle East",2014,5247.42103477414
"Petroleum","Middle East",2015,4727.25765954716
"Petroleum","Middle East",2016,5375.67741964736
"Petroleum","Middle East",2017,5406.13723924245
"Petroleum","Middle East",2018,5394.40584108318
"Petroleum","Middle East",2019,5141.28539686793
"Petroleum","Middle East",2020,4106.85315291738
"Petroleum","Middle East",2021,4114.85804829298
"Petroleum","North America",2000,13593.9828465868
"Petroleum","North America",2001,13563.5768720657
"Petroleum","North America",2002,13584.3910638152
"Petroleum","North America",2003,13839.9684704765
"Petroleum","North America",2004,14370.1143303507
"Petroleum","North America",2005,14484.8256090492
"Petroleum","North America",2006,14378.429034996
"Petroleum","North America",2007,14399.3118080205
"Petroleum","North America",2008,13650.4593579198
"Petroleum","North America",2009,13018.8940496673
"Petroleum","North America",2010,13306.9314199471
"Petroleum","North America",2011,13162.7890314008
"Petroleum","North America",2012,12948.3511993469
"Petroleum","North America",2013,13114.8867977865
"Petroleum","North America",2014,13147.2733113398
"Petroleum","North America",2015,13379.4837313143
"Petroleum","North America",2016,13563.2394089001
"Petroleum","North America",2017,13628.5871827231
"Petroleum","North America",2018,13817.5680527925
"Petroleum","North America",2019,13827.353608314
"Petroleum","North America",2020,12036.5415536266
"Petroleum","North America",2021,12960.5385856583
