Energy Source,Continent,Year,count
Coal,Africa,2000,1100.76490723694
Coal,Africa,2001,1097.11342154036
Coal,Africa,2002,1127.8360424162
Coal,Africa,2003,1186.238688176
Coal,Africa,2004,1194.12254993505
Coal,Africa,2005,1224.12339615571
Coal,Africa,2006,1247.9743792136
Coal,Africa,2007,1285.28590512488
Coal,Africa,2008,1275.30845690456
Coal,Africa,2009,1267.8669675661
Coal,Africa,2010,1291.84459866222
Coal,Africa,2011,1219.89733727011
Coal,Africa,2012,1267.76103760314
Coal,Africa,2013,1261.73331768273
Coal,Africa,2014,1274.15580856133
Coal,Africa,2015,1269.43901266934
Coal,Africa,2016,1280.11417642972
Coal,Africa,2017,1288.66020649034
Coal,Africa,2018,1249.62079902139
Coal,Africa,2019,1366.9614486188
Coal,Africa,2020,1344.92734958787
Coal,Africa,2021,1292.71547643399
Coal,Asia,2000,13603.3445154991
Coal,Asia,2001,14135.4486023164
Coal,Asia,2002,14937.5236263924
Coal,Asia,2003,17004.9686906547
Coal,Asia,2004,19860.1451984668
Coal,Asia,2005,22158.3426854277
Coal,Asia,2006,24190.6439801465
Coal,Asia,2007,25979.2785308628
Coal,Asia,2008,27055.0305580194
Coal,Asia,2009,28903.8575999
Coal,Asia,2010,31898.016407263
Coal,Asia,2011,34608.7672833631
Coal,Asia,2012,36527.7731352457
Coal,Asia,2013,37226.7531956229
Coal,Asia,2014,37244.3217990241
Coal,Asia,2015,36527.1065766805
Coal,Asia,2016,35926.9869715836
Coal,Asia,2017,36276.9428907454
Coal,Asia,2018,37116.3629399316
Coal,Asia,2019,37665.3635823632
Coal,Asia,2020,37417.8210340806
Coal,Asia,2021,39127.9858394466
Coal,Europe,2000,6331.34649686905
Coal,Europe,2001,6288.77986734457
Coal,Europe,2002,6203.17517758242
Coal,Europe,2003,6429.52869776122
Coal,Europe,2004,6291.94116258306
Coal,Europe,2005,6170.40321492552
Coal,Europe,2006,6284.50251310355
Coal,Europe,2007,6330.28077106951
Coal,Europe,2008,6157.65614428681
Coal,Europe,2009,5501.10907330562
Coal,Europe,2010,5599.34738201513
Coal,Europe,2011,5797.8171225291
Coal,Europe,2012,6037.08046273285
Coal,Europe,2013,5752.33037253913
Coal,Europe,2014,5442.80313622003
Coal,Europe,2015,5448.37070559905
Coal,Europe,2016,5186.10105430687
Coal,Europe,2017,5171.33090829651
Coal,Europe,2018,5128.11096158989
Coal,Europe,2019,4609.12484005596
Coal,Europe,2020,4042.55310476001
Coal,Europe,2021,4287.37722369783
Coal,North America,2000,7055.60856779999
Coal,North America,2001,6893.86828691293
Coal,North America,2002,6879.4717798856
Coal,North America,2003,7000.65820546375
Coal,North America,2004,7032.04961690504
Coal,North America,2005,7176.92536869461
Coal,North America,2006,7083.9937429396
Coal,North America,2007,7146.76743577821
Coal,North America,2008,6995.00890334372
Coal,North America,2009,6159.4550117679
Coal,North America,2010,6526.11295854975
Coal,North America,2011,6173.48417380714
Coal,North America,2012,5477.19667280265
Coal,North America,2013,5661.14238853327
Coal,North America,2014,5646.12056507814
Coal,North America,2015,4930.72641269602
Coal,North America,2016,4502.73052487761
Coal,North America,2017,4412.2517125611
Coal,North America,2018,4187.34221652643
Coal,North America,2019,3577.34859415496
Coal,North America,2020,2886.78394087689
Coal,North America,2021,3265.93510333441
Coal,Oceania,2000,607.352492287745
Coal,Oceania,2001,604.944796852019
Coal,Oceania,2002,610.904064741749
Coal,Oceania,2003,599.166876669831
Coal,Oceania,2004,626.17861630153
Coal,Oceania,2005,640.728268892368
Coal,Oceania,2006,649.903817346302
Coal,Oceania,2007,649.507300069714
Coal,Oceania,2008,649.549411154209
Coal,Oceania,2009,655.67097654384
Coal,Oceania,2010,626.819842504288
Coal,Oceania,2011,602.121273676133
Coal,Oceania,2012,593.82698524284
Coal,Oceania,2013,554.720006275324
Coal,Oceania,2014,528.018727029422
Coal,Oceania,2015,543.911853590406
Coal,Oceania,2016,565.256685852185
Coal,Oceania,2017,559.951759800308
Coal,Oceania,2018,536.482136419807
Coal,Oceania,2019,521.658393918367
Coal,Oceania,2020,493.169387052483
Coal,Oceania,2021,514.772932053873
Coal,South America,2000,226.235568439334
Coal,South America,2001,218.199390537294
Coal,South America,2002,208.217417621569
Coal,South America,2003,218.738845104323
Coal,South America,2004,233.99468057803
Coal,South America,2005,237.276932041778
Coal,South America,2006,245.261746185603
Coal,South America,2007,259.478856215937
Coal,South America,2008,258.558788658061
Coal,South America,2009,237.010563030691
Coal,South America,2010,281.846830899889
Coal,South America,2011,306.444275720832
Coal,South America,2012,318.283881298569
Coal,South America,2013,349.848488088617
Coal,South America,2014,378.305453631813
Coal,South America,2015,382.831972819058
Coal,South America,2016,377.979183144534
Coal,South America,2017,386.539478440954
Coal,South America,2018,375.41768751238
Coal,South America,2019,379.30647238041
Coal,South America,2020,341.827188263347
Coal,South America,2021,372.164103217371
Coal,Total,2000,28924.6525481321
Coal,Total,2001,29238.3543655036
Coal,Total,2002,29967.1281086399
Coal,Total,2003,32439.3000038298
Coal,Total,2004,35238.4318247696
Coal,Total,2005,37607.7998661377
Coal,Total,2006,39702.2801789351
Coal,Total,2007,41650.598799121
Coal,Total,2008,42391.1122623668
Coal,Total,2009,42724.9701921142
Coal,Total,2010,46223.9880198943
Coal,Total,2011,48708.5314663664
Coal,Total,2012,50221.9221749258
Coal,Total,2013,50806.5277687419
Coal,Total,2014,50513.7254895448
Coal,Total,2015,49102.3865340543
Coal,Total,2016,47839.1685961945
Coal,Total,2017,48095.6769563346
Coal,Total,2018,48593.3367410015
Coal,Total,2019,48119.7633314917
Coal,Total,2020,46527.0820046212
Coal,Total,2021,48860.950678184
Natural Gas,Africa,2000,645.366804162179
Natural Gas,Africa,2001,721.432909360166
Natural Gas,Africa,2002,745.703411095656
Natural Gas,Africa,2003,810.229483012117
Natural Gas,Africa,2004,835.335518437791
Natural Gas,Africa,2005,967.415993495697
Natural Gas,Africa,2006,1019.80499061642
Natural Gas,Africa,2007,1031.74696036104
Natural Gas,Africa,2008,1106.07542150994
Natural Gas,Africa,2009,1043.3826450159
Natural Gas,Africa,2010,1098.76386641595
Natural Gas,Africa,2011,1310.18070691759
Natural Gas,Africa,2012,1395.91705060682
Natural Gas,Africa,2013,1391.91545311828
Natural Gas,Africa,2014,1434.2110015466
Natural Gas,Africa,2015,1443.31338166456
Natural Gas,Africa,2016,1480.66000694305
Natural Gas,Africa,2017,1581.04326639958
Natural Gas,Africa,2018,1670.5570533188
Natural Gas,Africa,2019,1682.62020444641
Natural Gas,Africa,2020,1639.61257852879
Natural Gas,Africa,2021,1748.51174092301
Natural Gas,Antarctica,2000,0
Natural Gas,Antarctica,2001,0
Natural Gas,Antarctica,2002,0
Natural Gas,Antarctica,2003,0
Natural Gas,Antarctica,2004,0
Natural Gas,Antarctica,2005,0
Natural Gas,Antarctica,2006,0
Natural Gas,Antarctica,2007,0
Natural Gas,Antarctica,2008,0
Natural Gas,Antarctica,2009,0
Natural Gas,Antarctica,2010,0
Natural Gas,Antarctica,2011,0
Natural Gas,Antarctica,2012,0
Natural Gas,Antarctica,2013,0
Natural Gas,Antarctica,2014,0
Natural Gas,Antarctica,2015,0
Natural Gas,Antarctica,2016,0
Natural Gas,Antarctica,2017,0
Natural Gas,Antarctica,2018,0
Natural Gas,Antarctica,2019,0
Natural Gas,Antarctica,2020,0
Natural Gas,Antarctica,2021,0
Natural Gas,Asia,2000,5736.32524073921
Natural Gas,Asia,2001,5855.17664020544
Natural Gas,Asia,2002,6416.39208809449
Natural Gas,Asia,2003,6705.5452644565
Natural Gas,Asia,2004,7161.9459025125
Natural Gas,Asia,2005,7872.15936408522
Natural Gas,Asia,2006,8466.88293324523
Natural Gas,Asia,2007,9097.09819804579
Natural Gas,Asia,2008,9604.67830681249
Natural Gas,Asia,2009,10056.4101299909
Natural Gas,Asia,2010,11018.6413551789
Natural Gas,Asia,2011,11815.9585501851
Natural Gas,Asia,2012,12395.5221972708
Natural Gas,Asia,2013,12721.2350693046
Natural Gas,Asia,2014,13201.7878757781
Natural Gas,Asia,2015,13573.5731720845
Natural Gas,Asia,2016,14047.7206866404
Natural Gas,Asia,2017,14775.1231823376
Natural Gas,Asia,2018,15556.9596596434
Natural Gas,Asia,2019,15994.6061422764
Natural Gas,Asia,2020,16048.9622267589
Natural Gas,Asia,2021,16901.4237751891
Natural Gas,Europe,2000,10191.3386626718
Natural Gas,Europe,2001,10247.2418659743
Natural Gas,Europe,2002,10568.5586029295
Natural Gas,Europe,2003,11043.0778673321
Natural Gas,Europe,2004,11301.6013310754
Natural Gas,Europe,2005,11422.347525469
Natural Gas,Europe,2006,11723.3392327171
Natural Gas,Europe,2007,11720.772473528
Natural Gas,Europe,2008,11954.7487037358
Natural Gas,Europe,2009,10552.7113675808
Natural Gas,Europe,2010,12016.2088935203
Natural Gas,Europe,2011,11830.1582875174
Natural Gas,Europe,2012,11451.3710352547
Natural Gas,Europe,2013,11249.4867000848
Natural Gas,Europe,2014,10626.4990721064
Natural Gas,Europe,2015,10483.5040243857
Natural Gas,Europe,2016,10758.8512985141
Natural Gas,Europe,2017,11138.9877367027
Natural Gas,Europe,2018,11284.8009839627
Natural Gas,Europe,2019,11213.0611662081
Natural Gas,Europe,2020,10797.7543235882
Natural Gas,Europe,2021,11703.7066503039
Natural Gas,North America,2000,8329.3797070613
Natural Gas,North America,2001,8075.2996431452
Natural Gas,North America,2002,8365.78006700976
Natural Gas,North America,2003,8285.89457102217
Natural Gas,North America,2004,8317.34905400183
Natural Gas,North America,2005,8145.16814155367
Natural Gas,North America,2006,8172.10708642712
Natural Gas,North America,2007,8539.4863579707
Natural Gas,North America,2008,8575.50925846127
Natural Gas,North America,2009,8565.843883778
Natural Gas,North America,2010,8931.79653678729
Natural Gas,North America,2011,9099.60768410825
Natural Gas,North America,2012,9514.13414872588
Natural Gas,North America,2013,9829.74777160409
Natural Gas,North America,2014,10025.5932944055
Natural Gas,North America,2015,10309.907102284
Natural Gas,North America,2016,10350.1457200603
Natural Gas,North America,2017,10334.356688632
Natural Gas,North America,2018,11375.6683754407
Natural Gas,North America,2019,11678.8035402385
Natural Gas,North America,2020,11419.8034151076
Natural Gas,North America,2021,11524.5807100814
Natural Gas,Oceania,2000,312.280201707416
Natural Gas,Oceania,2001,333.364256842618
Natural Gas,Oceania,2002,355.40713921442
Natural Gas,Oceania,2003,348.542992323107
Natural Gas,Oceania,2004,353.304907097086
Natural Gas,Oceania,2005,353.946543189084
Natural Gas,Oceania,2006,354.119519613726
Natural Gas,Oceania,2007,393.25466080899
Natural Gas,Oceania,2008,396.491159264019
Natural Gas,Oceania,2009,414.741634488539
Natural Gas,Oceania,2010,424.143750729453
Natural Gas,Oceania,2011,426.254389591291
Natural Gas,Oceania,2012,443.07933474759
Natural Gas,Oceania,2013,459.550885979376
Natural Gas,Oceania,2014,474.712664072948
Natural Gas,Oceania,2015,475.700707860577
Natural Gas,Oceania,2016,512.122269158552
Natural Gas,Oceania,2017,534.101386878842
Natural Gas,Oceania,2018,525.931317803569
Natural Gas,Oceania,2019,539.827407979145
Natural Gas,Oceania,2020,527.294613637563
Natural Gas,Oceania,2021,496.925692388708
Natural Gas,South America,2000,1045.9015404191
Natural Gas,South America,2001,1123.7658202781
Natural Gas,South America,2002,1114.48575994434
Natural Gas,South America,2003,1172.23644506898
Natural Gas,South America,2004,1277.43792675686
Natural Gas,South America,2005,1310.08115095799
Natural Gas,South America,2006,1420.75703667406
Natural Gas,South America,2007,1373.67804124497
Natural Gas,South America,2008,1442.24256668537
Natural Gas,South America,2009,1355.41976183013
Natural Gas,South America,2010,1510.13328415376
Natural Gas,South America,2011,1563.38357620743
Natural Gas,South America,2012,1669.09655810992
Natural Gas,South America,2013,1759.96048167767
Natural Gas,South America,2014,1792.82875429728
Natural Gas,South America,2015,1828.39434869491
Natural Gas,South America,2016,1740.80909094513
Natural Gas,South America,2017,1731.3631429905
Natural Gas,South America,2018,1720.81058083567
Natural Gas,South America,2019,1719.97520335238
Natural Gas,South America,2020,1561.25173628915
Natural Gas,South America,2021,1688.10521530385
Natural Gas,Total,2000,26260.592156761
Natural Gas,Total,2001,26356.2811358059
Natural Gas,Total,2002,27566.3270682882
Natural Gas,Total,2003,28365.526623215
Natural Gas,Total,2004,29246.9746398815
Natural Gas,Total,2005,30071.1187187507
Natural Gas,Total,2006,31157.0107992936
Natural Gas,Total,2007,32156.0366919594
Natural Gas,Total,2008,33079.7454164688
Natural Gas,Total,2009,31988.5094226842
Natural Gas,Total,2010,34999.6876867856
Natural Gas,Total,2011,36045.5431945271
Natural Gas,Total,2012,36869.1203247157
Natural Gas,Total,2013,37411.8963617688
Natural Gas,Total,2014,37555.6326622068
Natural Gas,Total,2015,38114.3927369744
Natural Gas,Total,2016,38890.3090722615
Natural Gas,Total,2017,40094.9754039412
Natural Gas,Total,2018,42134.7279710048
Natural Gas,Total,2019,42828.8936645009
Natural Gas,Total,2020,41994.6788939102
Natural Gas,Total,2021,44063.25378419
Nuclear & Renewables,Africa,2000,269.704459430163
Nuclear & Renewables,Africa,2001,287.100406440365
Nuclear & Renewables,Africa,2002,294.654314629007
Nuclear & Renewables,Africa,2003,292.149539098334
Nuclear & Renewables,Africa,2004,307.831994634944
Nuclear & Renewables,Africa,2005,306.516705898628
Nuclear & Renewables,Africa,2006,310.403929459679
Nuclear & Renewables,Africa,2007,327.002908884959
Nuclear & Renewables,Africa,2008,331.984950534432
Nuclear & Renewables,Africa,2009,337.226778319864
Nuclear & Renewables,Africa,2010,377.73791529217
Nuclear & Renewables,Africa,2011,381.650509432206
Nuclear & Renewables,Africa,2012,378.242007548587
Nuclear & Renewables,Africa,2013,401.74867104244
Nuclear & Renewables,Africa,2014,431.441636987344
Nuclear & Renewables,Africa,2015,418.196734677058
Nuclear & Renewables,Africa,2016,442.281426111365
Nuclear & Renewables,Africa,2017,467.292553978158
Nuclear & Renewables,Africa,2018,485.245096639271
Nuclear & Renewables,Africa,2019,504.520683577219
Nuclear & Renewables,Africa,2020,501.282203375412
Nuclear & Renewables,Africa,2021,530.429025757116
Nuclear & Renewables,Antarctica,2000,0
Nuclear & Renewables,Antarctica,2001,0
Nuclear & Renewables,Antarctica,2002,0
Nuclear & Renewables,Antarctica,2003,0
Nuclear & Renewables,Antarctica,2004,0
Nuclear & Renewables,Antarctica,2005,0.0058608358578
Nuclear & Renewables,Antarctica,2006,0.0058139444818
Nuclear & Renewables,Antarctica,2007,0.0057934295048
Nuclear & Renewables,Antarctica,2008,0.0057758452388
Nuclear & Renewables,Antarctica,2009,0.011441495744
Nuclear & Renewables,Antarctica,2010,0.0114368066064
Nuclear & Renewables,Antarctica,2011,0.0113899152304
Nuclear & Renewables,Antarctica,2012,0.0013944322938
Nuclear & Renewables,Antarctica,2013,0.001397949147
Nuclear & Renewables,Antarctica,2014,0.0013935530805
Nuclear & Renewables,Antarctica,2015,0.0027311295809
Nuclear & Renewables,Antarctica,2016,0.0027056323952
Nuclear & Renewables,Antarctica,2017,0
Nuclear & Renewables,Antarctica,2018,0
Nuclear & Renewables,Antarctica,2019,0
Nuclear & Renewables,Antarctica,2020,0
Nuclear & Renewables,Antarctica,2021,0
Nuclear & Renewables,Asia,2000,3056.6513444933
Nuclear & Renewables,Asia,2001,3276.19608905185
Nuclear & Renewables,Asia,2002,3284.46780661438
Nuclear & Renewables,Asia,2003,3285.56811890671
Nuclear & Renewables,Asia,2004,3655.24410630801
Nuclear & Renewables,Asia,2005,3967.71573766188
Nuclear & Renewables,Asia,2006,4196.88610063669
Nuclear & Renewables,Asia,2007,4243.76820533244
Nuclear & Renewables,Asia,2008,4544.19793086888
Nuclear & Renewables,Asia,2009,4841.66288145829
Nuclear & Renewables,Asia,2010,5390.72244964446
Nuclear & Renewables,Asia,2011,5261.85922735552
Nuclear & Renewables,Asia,2012,5434.6343397005
Nuclear & Renewables,Asia,2013,5909.70325221048
Nuclear & Renewables,Asia,2014,6544.06740939679
Nuclear & Renewables,Asia,2015,6887.31140426192
Nuclear & Renewables,Asia,2016,7558.40013540406
Nuclear & Renewables,Asia,2017,8222.03968643594
Nuclear & Renewables,Asia,2018,8979.06914465638
Nuclear & Renewables,Asia,2019,9689.53373240713
Nuclear & Renewables,Asia,2020,10196.8812370893
Nuclear & Renewables,Asia,2021,11003.1292032585
Nuclear & Renewables,Europe,2000,6026.33990956409
Nuclear & Renewables,Europe,2001,6231.32029413963
Nuclear & Renewables,Europe,2002,6121.45546071249
Nuclear & Renewables,Europe,2003,6048.90214938669
Nuclear & Renewables,Europe,2004,6263.15927174893
Nuclear & Renewables,Europe,2005,6287.56832812223
Nuclear & Renewables,Europe,2006,6336.4436457099
Nuclear & Renewables,Europe,2007,6296.04065226656
Nuclear & Renewables,Europe,2008,6425.93186627863
Nuclear & Renewables,Europe,2009,6332.73403466522
Nuclear & Renewables,Europe,2010,6702.00773450425
Nuclear & Renewables,Europe,2011,6622.46545965022
Nuclear & Renewables,Europe,2012,6812.9601750054
Nuclear & Renewables,Europe,2013,7100.76658005432
Nuclear & Renewables,Europe,2014,7202.65250530645
Nuclear & Renewables,Europe,2015,7280.48773742337
Nuclear & Renewables,Europe,2016,7285.36727804176
Nuclear & Renewables,Europe,2017,7308.58368303896
Nuclear & Renewables,Europe,2018,7515.27460815519
Nuclear & Renewables,Europe,2019,7588.48836194547
Nuclear & Renewables,Europe,2020,7694.34279490745
Nuclear & Renewables,Europe,2021,7870.4947873505
Nuclear & Renewables,North America,2000,5525.42994868791
Nuclear & Renewables,North America,2001,5252.8496074645
Nuclear & Renewables,North America,2002,5474.25524770937
Nuclear & Renewables,North America,2003,5443.45128996125
Nuclear & Renewables,North America,2004,5613.09064059427
Nuclear & Renewables,North America,2005,5707.02226069715
Nuclear & Renewables,North America,2006,5835.95368502713
Nuclear & Renewables,North America,2007,5876.91781379272
Nuclear & Renewables,North America,2008,6113.08711790136
Nuclear & Renewables,North America,2009,6142.96567229263
Nuclear & Renewables,North America,2010,6349.7779405671
Nuclear & Renewables,North America,2011,6658.27803268366
Nuclear & Renewables,North America,2012,6471.13086218173
Nuclear & Renewables,North America,2013,6780.62022957068
Nuclear & Renewables,North America,2014,6924.97036273847
Nuclear & Renewables,North America,2015,6872.51579887203
Nuclear & Renewables,North America,2016,7105.28357296546
Nuclear & Renewables,North America,2017,7355.13034236357
Nuclear & Renewables,North America,2018,7421.32475815067
Nuclear & Renewables,North America,2019,7410.1137042126
Nuclear & Renewables,North America,2020,7373.60196904015
Nuclear & Renewables,North America,2021,7553.25665671144
Nuclear & Renewables,Oceania,2000,141.246193995067
Nuclear & Renewables,Oceania,2001,135.247489578907
Nuclear & Renewables,Oceania,2002,141.249764773349
Nuclear & Renewables,Oceania,2003,138.076405849176
Nuclear & Renewables,Oceania,2004,147.935810891837
Nuclear & Renewables,Oceania,2005,143.713950542814
Nuclear & Renewables,Oceania,2006,148.282604562107
Nuclear & Renewables,Oceania,2007,145.847022825073
Nuclear & Renewables,Oceania,2008,135.68643887043
Nuclear & Renewables,Oceania,2009,145.497487767734
Nuclear & Renewables,Oceania,2010,157.228241463651
Nuclear & Renewables,Oceania,2011,173.804155021076
Nuclear & Renewables,Oceania,2012,163.971432343643
Nuclear & Renewables,Oceania,2013,185.817510438089
Nuclear & Renewables,Oceania,2014,197.709759205235
Nuclear & Renewables,Oceania,2015,188.278555950717
Nuclear & Renewables,Oceania,2016,206.415007467716
Nuclear & Renewables,Oceania,2017,211.507195200986
Nuclear & Renewables,Oceania,2018,216.935662092672
Nuclear & Renewables,Oceania,2019,240.7099595804
Nuclear & Renewables,Oceania,2020,259.216613821781
Nuclear & Renewables,Oceania,2021,280.334113644773
Nuclear & Renewables,South America,2000,1723.95848770709
Nuclear & Renewables,South America,2001,1679.18878381663
Nuclear & Renewables,South America,2002,1730.80254340222
Nuclear & Renewables,South America,2003,1804.86714707144
Nuclear & Renewables,South America,2004,1847.41699006944
Nuclear & Renewables,South America,2005,1929.74332695495
Nuclear & Renewables,South America,2006,2018.05956059086
Nuclear & Renewables,South America,2007,2082.41869393348
Nuclear & Renewables,South America,2008,2099.12456752563
Nuclear & Renewables,South America,2009,2131.77121743485
Nuclear & Renewables,South America,2010,2178.7102022489
Nuclear & Renewables,South America,2011,2309.77708856289
Nuclear & Renewables,South America,2012,2241.20760435949
Nuclear & Renewables,South America,2013,2233.74450952646
Nuclear & Renewables,South America,2014,2152.586718626
Nuclear & Renewables,South America,2015,2167.83443044137
Nuclear & Renewables,South America,2016,2247.68094123202
Nuclear & Renewables,South America,2017,2304.40830208387
Nuclear & Renewables,South America,2018,2367.90336950629
Nuclear & Renewables,South America,2019,2317.4493664104
Nuclear & Renewables,South America,2020,2332.79173257122
Nuclear & Renewables,South America,2021,2325.28580569
Nuclear & Renewables,Total,2000,16743.3303438776
Nuclear & Renewables,Total,2001,16861.9026704919
Nuclear & Renewables,Total,2002,17046.8851378408
Nuclear & Renewables,Total,2003,17013.0146502736
Nuclear & Renewables,Total,2004,17834.6788142474
Nuclear & Renewables,Total,2005,18342.2861707135
Nuclear & Renewables,Total,2006,18846.0353399308
Nuclear & Renewables,Total,2007,18972.0010904647
Nuclear & Renewables,Total,2008,19650.0186478246
Nuclear & Renewables,Total,2009,19931.8695134343
Nuclear & Renewables,Total,2010,21156.1959205271
Nuclear & Renewables,Total,2011,21407.8458626208
Nuclear & Renewables,Total,2012,21502.1478155716
Nuclear & Renewables,Total,2013,22612.4021507916
Nuclear & Renewables,Total,2014,23453.4297858134
Nuclear & Renewables,Total,2015,23814.627392756
Nuclear & Renewables,Total,2016,24845.4310668548
Nuclear & Renewables,Total,2017,25868.9617631015
Nuclear & Renewables,Total,2018,26985.7526392005
Nuclear & Renewables,Total,2019,27750.8158081332
Nuclear & Renewables,Total,2020,28358.1165508053
Nuclear & Renewables,Total,2021,29562.9295924124
Petroleum,Africa,2000,1523.57022628453
Petroleum,Africa,2001,1564.77897182594
Petroleum,Africa,2002,1616.40576780019
Petroleum,Africa,2003,1649.21715795693
Petroleum,Africa,2004,1727.98472397608
Petroleum,Africa,2005,1792.48254325236
Petroleum,Africa,2006,1793.57803980038
Petroleum,Africa,2007,1883.182058036
Petroleum,Africa,2008,2014.60722992423
Petroleum,Africa,2009,2078.58244422885
Petroleum,Africa,2010,2186.26130340255
Petroleum,Africa,2011,2172.13604305655
Petroleum,Africa,2012,2250.88184092668
Petroleum,Africa,2013,2408.62203598593
Petroleum,Africa,2014,2504.73541568677
Petroleum,Africa,2015,2503.35664100956
Petroleum,Africa,2016,2471.21630923176
Petroleum,Africa,2017,2516.87174901263
Petroleum,Africa,2018,2545.59641830062
Petroleum,Africa,2019,2565.71988689341
Petroleum,Africa,2020,2332.4839361138
Petroleum,Africa,2021,2363.09087798723
Petroleum,Antarctica,2000,0.9296739889269
Petroleum,Antarctica,2001,0.9551445051568
Petroleum,Antarctica,2002,0.9551445051568
Petroleum,Antarctica,2003,0.9551445051568
Petroleum,Antarctica,2004,0.9678796167362
Petroleum,Antarctica,2005,0.9678796167362
Petroleum,Antarctica,2006,0.9678796167362
Petroleum,Antarctica,2007,0.9806147283156
Petroleum,Antarctica,2008,0.0434943888799
Petroleum,Antarctica,2009,0.0559528413409
Petroleum,Antarctica,2010,0.0559528413409
Petroleum,Antarctica,2011,0.0559528413409
Petroleum,Antarctica,2012,0.0561058244551
Petroleum,Antarctica,2013,0.0559528413409
Petroleum,Antarctica,2014,0.0559528413409
Petroleum,Antarctica,2015,0.055510597051
Petroleum,Antarctica,2016,0.0554625333906
Petroleum,Antarctica,2017,0.0546603977899
Petroleum,Antarctica,2018,0.0546603977899
Petroleum,Antarctica,2019,0.0546603977899
Petroleum,Antarctica,2020,0.0460159726243
Petroleum,Antarctica,2021,0.0489683708857
Petroleum,Asia,2000,15454.048157867
Petroleum,Asia,2001,15597.4778109794
Petroleum,Asia,2002,15997.7582324447
Petroleum,Asia,2003,16601.1283943242
Petroleum,Asia,2004,17728.7329360685
Petroleum,Asia,2005,18035.086151961
Petroleum,Asia,2006,18582.1734553913
Petroleum,Asia,2007,19361.5562054629
Petroleum,Asia,2008,19523.0143954518
Petroleum,Asia,2009,19711.9856721318
Petroleum,Asia,2010,20907.9473179525
Petroleum,Asia,2011,21506.4828227595
Petroleum,Asia,2012,22297.9944079328
Petroleum,Asia,2013,22734.2448850664
Petroleum,Asia,2014,23218.5011413508
Petroleum,Asia,2015,23301.2115625664
Petroleum,Asia,2016,24692.7765668316
Petroleum,Asia,2017,25239.6357387355
Petroleum,Asia,2018,25564.5731780489
Petroleum,Asia,2019,25196.321670642
Petroleum,Asia,2020,23482.6555961318
Petroleum,Asia,2021,24455.4108658982
Petroleum,Europe,2000,11582.4971450835
Petroleum,Europe,2001,11732.4464912966
Petroleum,Europe,2002,11722.1873574954
Petroleum,Europe,2003,11824.7004425925
Petroleum,Europe,2004,11893.7420784055
Petroleum,Europe,2005,11934.1733192137
Petroleum,Europe,2006,12054.1818219969
Petroleum,Europe,2007,11888.7739189479
Petroleum,Europe,2008,11900.7070016044
Petroleum,Europe,2009,11333.4087162063
Petroleum,Europe,2010,11396.6932820873
Petroleum,Europe,2011,11237.1588946172
Petroleum,Europe,2012,10987.283996841
Petroleum,Europe,2013,10880.2950100386
Petroleum,Europe,2014,10952.3221658364
Petroleum,Europe,2015,11049.7304438517
Petroleum,Europe,2016,11239.245700351
Petroleum,Europe,2017,11395.2407698422
Petroleum,Europe,2018,11322.8219980801
Petroleum,Europe,2019,11416.4711832193
Petroleum,Europe,2020,10521.2565736527
Petroleum,Europe,2021,10674.9842680993
Petroleum,North America,2000,13593.9828465868
Petroleum,North America,2001,13563.5768720657
Petroleum,North America,2002,13584.3910638152
Petroleum,North America,2003,13839.9684704765
Petroleum,North America,2004,14370.1143303507
Petroleum,North America,2005,14484.8256090492
Petroleum,North America,2006,14378.429034996
Petroleum,North America,2007,14399.3118080205
Petroleum,North America,2008,13650.4593579198
Petroleum,North America,2009,13018.8940496673
Petroleum,North America,2010,13306.9314199471
Petroleum,North America,2011,13162.7890314008
Petroleum,North America,2012,12948.3511993469
Petroleum,North America,2013,13114.8867977865
Petroleum,North America,2014,13147.2733113398
Petroleum,North America,2015,13379.4837313143
Petroleum,North America,2016,13563.2394089001
Petroleum,North America,2017,13628.5871827231
Petroleum,North America,2018,13817.5680527925
Petroleum,North America,2019,13827.353608314
Petroleum,North America,2020,12036.5415536266
Petroleum,North America,2021,12960.5385856583
Petroleum,Oceania,2000,646.643706152746
Petroleum,Oceania,2001,652.83096049873
Petroleum,Oceania,2002,664.328274857507
Petroleum,Oceania,2003,690.136539118176
Petroleum,Oceania,2004,711.455691786803
Petroleum,Oceania,2005,723.009922311627
Petroleum,Oceania,2006,732.982935193918
Petroleum,Oceania,2007,741.937244362383
Petroleum,Oceania,2008,741.901843718072
Petroleum,Oceania,2009,744.636248368515
Petroleum,Oceania,2010,770.804451417501
Petroleum,Oceania,2011,800.167957675416
Petroleum,Oceania,2012,819.976863678301
Petroleum,Oceania,2013,828.676120981356
Petroleum,Oceania,2014,825.973561436639
Petroleum,Oceania,2015,829.691092727795
Petroleum,Oceania,2016,832.68070164062
Petroleum,Oceania,2017,865.143657515071
Petroleum,Oceania,2018,883.478840251909
Petroleum,Oceania,2019,877.678511853415
Petroleum,Oceania,2020,744.327956034794
Petroleum,Oceania,2021,762.656844483617
Petroleum,South America,2000,3114.10745477013
Petroleum,South America,2001,3149.85593022329
Petroleum,South America,2002,3114.52110176823
Petroleum,South America,2003,3095.70134237952
Petroleum,South America,2004,3261.25537566129
Petroleum,South America,2005,3333.00363151902
Petroleum,South America,2006,3449.09123394112
Petroleum,South America,2007,3595.73514111892
Petroleum,South America,2008,3768.22042754019
Petroleum,South America,2009,3716.5099160993
Petroleum,South America,2010,3887.59925329076
Petroleum,South America,2011,3946.39294827397
Petroleum,South America,2012,4133.10635039529
Petroleum,South America,2013,4145.01319146557
Petroleum,South America,2014,4232.90323495337
Petroleum,South America,2015,4177.30993763401
Petroleum,South America,2016,4120.47600235586
Petroleum,South America,2017,4031.53150780682
Petroleum,South America,2018,3952.9288675492
Petroleum,South America,2019,3918.85287969895
Petroleum,South America,2020,3331.70450653308
Petroleum,South America,2021,3503.79163828074
Petroleum,Total,2000,45915.7792107337
Petroleum,Total,2001,46261.9221813948
Petroleum,Total,2002,46700.5469426864
Petroleum,Total,2003,47701.807491353
Petroleum,Total,2004,49694.2530158656
Petroleum,Total,2005,50303.5490569236
Petroleum,Total,2006,50991.4044009364
Petroleum,Total,2007,51871.4769906769
Petroleum,Total,2008,51598.9537505474
Petroleum,Total,2009,50604.0729995434
Petroleum,Total,2010,52456.2929809391
Petroleum,Total,2011,52825.1836506248
Petroleum,Total,2012,53437.6507649454
Petroleum,Total,2013,54111.7939941657
Petroleum,Total,2014,54881.7647834451
Petroleum,Total,2015,55240.8389197009
Petroleum,Total,2016,56919.6901518444
Petroleum,Total,2017,57677.0652660331
Petroleum,Total,2018,58087.022015421
Petroleum,Total,2019,57802.452401019
Petroleum,Total,2020,52449.0161380654
Petroleum,Total,2021,54720.5220487783